VENDOR_ID,VENDOR_NAME,ADDRESS_LINE1,ADDRESS_LINE2,CITY,STATE,POSTAL_CODE
VNDR00001,"King, Proctor and Jones",2027 North Shannon Drive,#5,Fayetteville,AR,72703
VNDR00002,Garcia Ltd,5701 East Shirley Lane,,Montgomery,AL,36117
VNDR00003,Cherry LLC,1217 Cottondale Road,,Montgomery,AL,36109
VNDR00004,Mays-Benson,227 West Montgomery Cross Road,#736,Savannah,GA,31406
VNDR00005,Wilson PLC,23 North Hill Street,,Nashville,TN,37210
VNDR00006,Wallace Inc,6324 Moore Circle,,Arvada,CO,80004
VNDR00007,"Alexander, Huynh and Hall",9 Thomas Street,,Ashland,MA,1721
VNDR00008,"Young, Williams and Pope",1497 Greenbrier Road,,West Sacramento,CA,95691
VNDR00009,"Flores, Haas and Fox",7912 Depew Street,,Arvada,CO,80003
VNDR00010,Mcclure Ltd,243 Kentucky Avenue,,Pasadena,MD,21122
VNDR00011,Morton LLC,218 Turtle Cove,,Panama City Beach,FL,32413
VNDR00012,"Robertson, Perkins and Walton",5029 Montclair Drive,,Nashville,TN,37211
VNDR00013,Thomas Group,2269 Eastern Boulevard,,Montgomery,AL,36117
VNDR00014,Smith-Murphy,618 Ava Circle Northeast,,Washington,DC,20017
VNDR00015,Parker-Blake,3704 Hughes Road,,Louisville,KY,40207
VNDR00016,Navarro PLC,5856 Parfet Court,,Arvada,CO,80004
VNDR00017,Reese Ltd,302 Mcmillin Street,,Nashville,TN,37203
VNDR00018,Bradley Ltd,4510 Eastern Avenue Northeast,,Washington,DC,20018
VNDR00019,Wells-Hooper,6521 North 65th Avenue,#1D,Glendale,AZ,85301
VNDR00020,"Hamilton, Alexander and Wilkins",328 17th Street,,Paso Robles,CA,93446
VNDR00021,"Willis, Griffin and Olsen",3373 Runnymede Place Northwest,,Washington,DC,20015
VNDR00022,Paul Group,18330 North 79th Avenue,#3155,Glendale,AZ,85308
VNDR00023,Mckinney-Campbell,8219 Minor Lane,#9,Louisville,KY,40219
VNDR00024,Rodriguez PLC,5556 West Northview Avenue,,Glendale,AZ,85301
VNDR00025,Wright Group,3231 North Kings Cross,,Fayetteville,AR,72703
VNDR00026,Bray PLC,736 Middle Turnpike East,,Manchester,CT,6040
VNDR00027,"Bennett, Padilla and Williams",4024 Northwest 16th Street,,Oklahoma City,OK,73107
VNDR00028,"Hawkins, Hernandez and Carter",38676 Greenwich Circle,,Fremont,CA,94536
VNDR00029,Grant-Carter,4439 Gale Street,,Livermore,CA,94550
VNDR00030,Smith Inc,38 Renwick Road,,Melrose,MA,2176
VNDR00031,Johnson Ltd,2619 North Quality Lane,#315,Fayetteville,AR,72703
VNDR00032,"Horne, Hinton and Lee",1516 Ringe Drive,,Severn,MD,21144
VNDR00033,Hooper-Garrett,1522 South 36th Street,,Louisville,KY,40211
VNDR00034,Davis and Sons,1079 East Kentucky Street,,Louisville,KY,40204
VNDR00035,Dixon Group,841 Whittier Hill Road,,,VT,5647
VNDR00036,"Bryant, Murray and Lee",4075 North Cadillac Drive,#2,Fayetteville,AR,72703
VNDR00037,Schmitt-Johnson,3901 Old Seward Highway,#STE 000016,Anchorage,AK,99503
VNDR00038,Hoover and Sons,1430 South Gay Avenue,,Panama City,FL,32404
VNDR00039,Thomas and Sons,85 West Seymeria Drive,,Beverly Hills,FL,34465
VNDR00040,Reynolds-Tucker,46 Lilac Street,,Manchester,CT,6040
VNDR00041,Miller-Hall,8569 Vermont 9,,Woodford,VT,5201
VNDR00042,Armstrong-Summers,2 Addison Place,,Bloomingdale,GA,31302
VNDR00043,Poole Ltd,20097 Butterfield Drive,,Castro Valley,CA,94546
VNDR00044,"Garza, Giles and Palmer",7509 Linda Lane,,Panama City,FL,32404
VNDR00045,Bell PLC,17480 Beaujolais Circle,,Anchorage,AK,99577
VNDR00046,Anderson Inc,324 East Drive,,Montgomery,AL,36113
VNDR00047,Solis-Morales,1407 Walden Court,,Crofton,MD,21114
VNDR00048,"Cooke, Wallace and Perry",5801 South Watterson Trail,,Louisville,KY,40291
VNDR00049,Rose Ltd,1123 Glenwood Avenue,,Nashville,TN,37204
VNDR00050,"Rivera, Johnson and Drake",243 New State Road,A-D,Manchester,CT,6042
VNDR00051,Roberts-Garcia,6624 Strawberry Lane,,Louisville,KY,40214
VNDR00052,Garcia-Brown,124 Rod Key Street,,Lyndon,VT,5851
VNDR00053,Kelly-Mosley,441 Merritt Avenue,,Oakland,CA,94610
VNDR00054,"Brown, Johnston and Anderson",1 Portsmouth Road,,Piedmont,CA,94610
VNDR00055,"Morris, Patton and Rodriguez",8521 Crystal Street,,Anchorage,AK,99502
VNDR00056,"Russell, Mills and Calderon",1823 Dinger Road,,Annapolis,MD,21402
VNDR00057,Mckinney-Riley,1010 10th Street Northeast,,Washington,DC,20002
VNDR00058,Estrada PLC,3 Mad Anthony Lane,,Savannah,GA,31411
VNDR00059,"Long, Cooper and Vance",16502 South Main Street,#5,Gardena,CA,90248
VNDR00060,"Taylor, Holt and Stout",19 Heritage,,Oakland,CA,94605
VNDR00061,Green Ltd,165 Quincy Shore Drive,#C27,Quincy,MA,2171
VNDR00062,Ramos Ltd,7728 Twin Oaks Road,,Severn,MD,21144
VNDR00063,Lowe-Wilson,5630 Silverado Way,#STE A8,Anchorage,AK,99518
VNDR00064,Hill Ltd,712 Southwest 1st Street,,Moore,OK,73160
VNDR00065,Whitehead-Roberson,6624 Strawberry Lane,,Louisville,KY,40214
VNDR00066,Hart-Carpenter,266 South J Street,,Livermore,CA,94550
VNDR00067,Weaver-Ellis,8820 Culebra Street,,Arvada,CO,80007
VNDR00068,Moore Group,13583 West 68th Avenue,,Arvada,CO,80004
VNDR00069,"Escobar, Fields and Moran",1015 Castle Road,,Edmond,OK,73034
VNDR00070,Graves and Sons,219 Bidwell Street,,Manchester,CT,6040
VNDR00071,Martinez-Thomas,3203 US Highway 98,A,Mexico Beach,FL,32456
VNDR00072,Thompson-Wilson,7711 North 51st Avenue,#1180,Glendale,AZ,85301
VNDR00073,Griffin-Shaw,125 Summer Street,,Manchester,CT,6040
VNDR00074,Fox-Anderson,169 Avenida Drive,M,Berkeley,CA,94708
VNDR00075,Blackwell-Foster,3609 Meadow Drive,,Nashville,TN,37215
VNDR00076,"Schaefer, Paul and Ayala",4300 Kansas Avenue Northwest,,Washington,DC,20011
VNDR00077,Bartlett-Winters,113 Dove Lane,,Savannah,GA,31406
VNDR00078,Young Ltd,835 Shiloh Court,,Redding,CA,96003
VNDR00079,Lopez-Wilson,809 Blue Ridge Drive,,Edmond,OK,73003
VNDR00080,Cooper Ltd,595 West 15th Street,,Fayetteville,AR,72701
VNDR00081,Perez-Richards,8704 Bayberry Place,,Plantation,KY,40242
VNDR00082,Barnes PLC,2409 Park Street,,Selma,CA,93662
VNDR00083,"Kennedy, Benjamin and Young",1217 Cottondale Road,,Montgomery,AL,36109
VNDR00084,Smith-Schwartz,1520 H Street Northwest,,Washington,DC,20006
VNDR00085,"Pratt, Jenkins and Willis",400 D Street,#STE 1B,Anchorage,AK,99501
VNDR00086,"Guerrero, Norman and Baker",55 Russells Mills Road,,Dartmouth,MA,2748
VNDR00087,Davis PLC,2130 Loren Circle,,Fayetteville,AR,72701
VNDR00088,"Richards, Yates and Rich",8726 Downey Road,,Severn,MD,21144
VNDR00089,Miller-Schmidt,119 Redwood Road,,Manchester,CT,6040
VNDR00090,Harris-Joyce,2222 Martin Luther King Junior Boulevard,,Fayetteville,AR,72701
VNDR00091,"Hatfield, Jones and Jensen",2A Cleveland Park Rd,,Freetown,MA,2717
VNDR00092,Knapp-Thornton,625 West Main Street,,Moore,OK,73160
VNDR00093,Mullins-Ramsey,1345 G Street Southeast,,Washington,DC,20003
VNDR00094,Payne-Smith,334 North Cove Boulevard,,Panama City,FL,32401
VNDR00095,Ramsey Group,4331 Foeburn Lane,,Louisville,KY,40207
VNDR00096,Villanueva Ltd,7256 West 84th Way,#918,Arvada,CO,80003
VNDR00097,"Mitchell, Jackson and Norris",2315 Kezey Court,,Crofton,MD,21114
VNDR00098,Rodriguez Inc,1641 Kramer Street Northeast,,Washington,DC,20002
VNDR00099,"Welch, Keller and Hicks",1820 22nd Street Southeast,,Washington,DC,20020
VNDR00100,Lamb-Campbell,295 Townes Drive,,Nashville,TN,37211
VNDR00101,Walker Group,4216 Winter Lake Drive,,Louisville,KY,40272
VNDR00102,Padilla-Allen,422 Richmond Street,,El Cerrito,CA,94530
VNDR00103,Harris LLC,3325 Dix Street Northeast,,Washington,DC,20019
VNDR00104,Reese-Mckinney,20 Garfield Street,,Needham,MA,2492
VNDR00105,"Sanchez, Jensen and Carter",5396 North Reese Avenue,,Fresno,CA,93722
VNDR00106,Gilbert PLC,23 Cove Drive,,Savannah,GA,31419
VNDR00107,"Kaiser, Sanford and Lopez",7529 West 72nd Avenue,#4,Arvada,CO,80003
VNDR00108,Pham Ltd,23 Cove Drive,,Savannah,GA,31419
VNDR00109,Hudson PLC,302 Black Sky Lane,,Pasadena,MD,21122
VNDR00110,Sanchez-Browning,11150 Sun Valley Drive,,Oakland,CA,94605
VNDR00111,"Callahan, Ponce and Joyce",112 Mallard Drive,,Savannah,GA,31419
VNDR00112,"Sellers, Thompson and Mcdonald",7202 Jump Street,,Youngstown,FL,32466
VNDR00113,Walker PLC,89 Barrensdale Drive,,Severna Park,MD,21146
VNDR00114,Mayo-Green,12245 West 71st Place,,Arvada,CO,80004
VNDR00115,"King, Novak and Perez",9008 Grayson Grove Court,,Montgomery,AL,36117
VNDR00116,Smith-Carpenter,1623 Mines Road,,Lowell,VT,5847
VNDR00117,"Brown, Baker and Lucas",19448 Currant Drive,,Edmond,OK,73012
VNDR00118,Davis-Walker,600 West North Street,#D2,Fayetteville,AR,72701
VNDR00119,"Miller, Patel and Anderson",1129 I Street,,Anchorage,AK,99501
VNDR00120,Cunningham-Harrison,5624 Oakes Drive,,Brentwood,TN,37027
VNDR00121,Watson-Hendrix,711 Parker Street,,East Longmeadow,MA,1028
VNDR00122,Valentine Inc,9222 Sandra Grace Road,,Southport,FL,32409
VNDR00123,"Ramos, Anderson and Mejia",1452 55th Avenue,B,Oakland,CA,94621
VNDR00124,Taylor-Bailey,1209 Meehan Road,,,VT,5443
VNDR00125,Thompson Inc,2504 Longest Avenue,,Louisville,KY,40204
VNDR00126,Ward Inc,112 Walnut Street,,Reading,MA,1867
VNDR00127,Sanders-Irwin,1801 Dodge Trail,,Edmond,OK,73003
VNDR00128,Tucker Inc,607 Trails End Road,,Manchester,CT,6042
VNDR00129,"Norris, Arnold and Young",57413 Taku Avenue,,Homer,AK,99603
VNDR00130,Hernandez Group,4709 Blagden Terrace Northwest,,Washington,DC,20011
VNDR00131,Cowan-Sanders,24647 Patricia Court,,Hayward,CA,94541
VNDR00132,Gregory and Sons,800 Quacco Road,#3,Savannah,GA,31419
VNDR00133,Hays-Rose,6040 West Kings Avenue,,Glendale,AZ,85306
VNDR00134,Miller Ltd,1711 Lore Road,#APT 000106,Anchorage,AK,99507
VNDR00135,Shields-Bush,740 East 34th Street,,Savannah,GA,31401
VNDR00136,"Hall, Andersen and Williamson",7841 North 59th Lane,#G37,Glendale,AZ,85301
VNDR00137,"Johnson, Cook and Harrington",4 Chamois Court,,Pooler,GA,31322
VNDR00138,Hayden Inc,210 Seaman,,McCrory,AR,72101
VNDR00139,Kim Ltd,6452 El Camino Real,,Atascadero,CA,93422
VNDR00140,Horne Inc,653 Vermont 12,,Hartland,VT,5048
VNDR00141,Holder-Robinson,1820 Scenic Avenue,,Berkeley,CA,94709
VNDR00142,Rice-Perry,841 Whittier Hill Road,,,VT,5647
VNDR00143,Henderson Inc,316 20th Street Northeast,,Washington,DC,20002
VNDR00144,Knight-Ortiz,1583 Elberta Court,,Severn,MD,21144
VNDR00145,Martin-Meadows,620 Veta Avenue,,Pueblo,CO,81004
VNDR00146,"Pope, Becker and Peters",72 Salmon Road,,Alameda,CA,94502
VNDR00147,"Jones, Robinson and Miller",516 Southwest 60th Terrace,,Oklahoma City,OK,73139
VNDR00148,Hill-Thomas,6534 Benton Circle,,Arvada,CO,80003
VNDR00149,Bullock-Henry,327 Fairway Boulevard,,Panama City Beach,FL,32407
VNDR00150,Moreno LLC,1261 Sioux Terrace,,Nashville,TN,37115
VNDR00151,Jones Group,6029 Wright Street,,Arvada,CO,80004
VNDR00152,Morris-Howe,200 Pheasant Avenue,#103,Louisville,KY,40118
VNDR00153,"Payne, Johnson and Cox",4728 Rockland Trail,,Nashville,TN,37013
VNDR00154,Byrd-Richards,605 Main Street,,Watertown,MA,2472
VNDR00155,Reyes and Sons,115 Maple Street,,Manchester,CT,6040
VNDR00156,Daniels-Camacho,5814 Carriage Brook Road,,Montgomery,AL,36116
VNDR00157,Thompson Ltd,2248 South Sutherland Drive,,Montgomery,AL,36116
VNDR00158,Nguyen PLC,4700 10th Street Northeast,,Washington,DC,20017
VNDR00159,Warren-Brandt,332 Concord Avenue,,Cambridge,MA,2138
VNDR00160,"Ford, Adams and Rocha",3810 Camp Ground Road,#8,Louisville,KY,40211
VNDR00161,Vasquez-Payne,240 Lynwood Drive,,Montgomery,AL,36105
VNDR00162,"Kerr, Gutierrez and Dennis",24 Haven Drive,,Savannah,GA,31406
VNDR00163,Foster-Sanchez,4255 Tanager Common,,Fremont,CA,94555
VNDR00164,Perkins Group,369 Ruth Avenue,,Mountain View,CA,94043
VNDR00165,"James, Patel and Cummings",1515 Northwest 19th Street,,Oklahoma City,OK,73106
VNDR00166,Nelson-Russell,2500 Snowdoun Chambers Road,,Montgomery,AL,36105
VNDR00167,Diaz Group,5385 Iris Street,,Arvada,CO,80002
VNDR00168,"Miller, Bryant and Vega",4050 Lake Otis Parkway,#STE 000102,Anchorage,AK,99508
VNDR00169,Hicks Group,3384 North Southridge Drive,,Fayetteville,AR,72703
VNDR00170,Smith-Blake,8506 Laviento Drive,,Anchorage,AK,99515
VNDR00171,"Franco, Watson and Murray",4024 Northwest 16th Street,,Oklahoma City,OK,73107
VNDR00172,"Turner, Fox and Kemp",703 Elizabeth Barcus Way,,Fortuna,CA,95540
VNDR00173,"Kaufman, Rodriguez and Sharp",618 Amberjack Drive,,Panama City,FL,32408
VNDR00174,Garcia-Johnson,7030 Cotton Blossom Lane,,Montgomery,AL,36117
VNDR00175,"Stokes, Lane and Smith",6073 Harlan Street,,Arvada,CO,80003
VNDR00176,Mason-Collins,8848 North New World Drive,,Glendale,AZ,85302
VNDR00177,Castillo-Gates,45 Baldridge Road,,Annapolis,MD,21401
VNDR00178,Norman and Sons,46 Sugarloaf Hill Road,,Warren,VT,5674
VNDR00179,Carter and Sons,7431 Gilbert Road,,Panama City,FL,32404
VNDR00180,Cole Group,12091 Mierkey Road,,Jackson,CA,95642
VNDR00181,"Vargas, Bryant and Jackson",1010 10th Street Northeast,,Washington,DC,20002
VNDR00182,Jones Group,5116 Feys Court,,Louisville,KY,40216
VNDR00183,"Johnson, Espinoza and Kelley",5311 Chenoweth Park Lane,,Louisville,KY,40291
VNDR00184,"Singleton, Ramos and White",2433 Southwest 36th Street,,Oklahoma City,OK,73109
VNDR00185,"Harmon, Manning and Bradley",1823 Dinger Road,,Annapolis,MD,21402
VNDR00186,Smith PLC,2314 Marian Bay Circle,,Anchorage,AK,99515
VNDR00187,"Mendoza, Moran and Parker",6463 Vrain Street,,Arvada,CO,80003
VNDR00188,"Miller, Miller and Davis",3620 Colmar Drive,,Louisville,KY,40211
VNDR00189,Hill LLC,126 Garth Road,,Manchester,CT,6040
VNDR00190,Short Inc,8447 West 51st Avenue,,Arvada,CO,80002
VNDR00191,Armstrong-Ramirez,200 Boulder Road,,Manchester,CT,6040
VNDR00192,Lewis-Campbell,819 Beazer Lane,,Nashville,TN,37013
VNDR00193,Hensley-Day,4 Village Lake Drive,#4,Fayetteville,AR,72703
VNDR00194,Reed LLC,525 Merrill Lane,#308,Dracut,MA,1826
VNDR00195,Nichols Inc,700 Revels Drive,,Nashville,TN,37207
VNDR00196,Kent-Barrett,2402 Eastbridge Court,,Louisville,KY,40223
VNDR00197,"Miller, Perez and Cannon",30 Curtis Road,#509,Milton,MA,2186
VNDR00198,"Phillips, Mccoy and Miles",3483 Canyon Creek Drive,,San Jose,CA,95132
VNDR00199,Moody-Tate,12800 Saunders Road,,Anchorage,AK,99516
VNDR00200,Meyer-Stevenson,10911 Torrington Road,,Louisville,KY,40272
VNDR00201,"Wilkinson, Baldwin and Butler",12 Saint Andrews Crossover,,Severna Park,MD,21146
VNDR00202,"White, Mills and Terry",4738 Mallard Common,,Fremont,CA,94555
VNDR00203,Smith Ltd,545 East Muhammad Ali Boulevard,#103,Louisville,KY,40202
VNDR00204,Ray and Sons,7703 Laird Street,,Panama City,FL,32408
VNDR00205,"Parker, Hamilton and Garrett",3652 East Blue Stone Drive,,Fayetteville,AR,72764
VNDR00206,"Carr, Smith and Prince",33300 Mission Boulevard,#APT 174,Union City,CA,94587
VNDR00207,Allison LLC,3104 Southwest 46th Street,,Oklahoma City,OK,73119
VNDR00208,Mcmahon PLC,7090 West 64th Avenue,,Arvada,CO,80003
VNDR00209,"Hill, Blair and Rice",1700 William E Summers III Avenue,#201,Louisville,KY,40211
VNDR00210,Ross-Martin,2 Cockle Shell Road,,Savannah,GA,31419
VNDR00211,"Keller, Fuentes and Smith",82 Queen Court,,Manchester,CT,6040
VNDR00212,"Bennett, Benjamin and Blankenship",815 West Market Street,#6,Louisville,KY,40202
VNDR00213,Gonzalez LLC,6 Oak Street,,Town of Rockingham,VT,5101
VNDR00214,"Mcdowell, Mcmillan and Taylor",1226 Blossom Circle,,Livermore,CA,94550
VNDR00215,"Mooney, Nicholson and Martinez",1693 Alice Court,,Annapolis,MD,21401
VNDR00216,Smith-Zimmerman,5600 Carmichael Road,,Montgomery,AL,36117
VNDR00217,Johnson LLC,712 Wilsonwood Place,,Nashville,TN,37206
VNDR00218,"Brewer, Hinton and Forbes",1267 Martin Street,#203,Nashville,TN,37203
VNDR00219,"Sanchez, Hammond and Ward",218 Oleander Drive,,Panama City Beach,FL,32413
VNDR00220,Gardner Group,2504 Longest Avenue,,Louisville,KY,40204
VNDR00221,Moore-Bradley,3 Kimball Street,,Marblehead,MA,1945
VNDR00222,Webb-Henderson,2209 East Manor Drive,,Fayetteville,AR,72701
VNDR00223,James-Davis,368 Winthrop Court,,Montgomery,AL,36104
VNDR00224,"Davis, Terrell and Galloway",4503 North Council Road,,Bethany,OK,73008
VNDR00225,"Martinez, Jones and Frederick",2502 Adrienne Way,,Louisville,KY,40216
VNDR00226,Ortega-Michael,2 Misty Marsh Drive,,Savannah,GA,31419
VNDR00227,Salazar PLC,7981 Robinson Way,,Arvada,CO,80004
VNDR00228,"Bell, Hernandez and Reynolds",19448 Currant Drive,,Edmond,OK,73012
VNDR00229,"Contreras, Harris and Green",2741 31st Place Northeast,,Washington,DC,20018
VNDR00230,"Diaz, George and Allen",44 Downey Drive,,Manchester,CT,6040
VNDR00231,Kaufman LLC,3819 Vineyard Avenue,#59,Pleasanton,CA,94566
VNDR00232,"Myers, Hayes and Jones",45 Heathcote Circle,,Savannah,GA,31405
VNDR00233,Cardenas-Mcknight,7420 Bearfoot Circle,#APT 000003,Anchorage,AK,99502
VNDR00234,Herrera LLC,1514 Wyoming Avenue,,Lynn Haven,FL,32444
VNDR00235,Jacobs-Howell,131 Westerly Street,,Manchester,CT,6042
VNDR00236,Davis PLC,11 Proctor Circle,,Peabody,MA,1960
VNDR00237,Hernandez Inc,351 Porter Street,,Manchester,CT,6040
VNDR00238,Moore Inc,2643 North Sierra Avenue,,Fayetteville,AR,72703
VNDR00239,Brooks-Bowen,4408 Northwest 55th Street,,Oklahoma City,OK,73112
VNDR00240,"Mcdonald, Beasley and Knox",132 Tensaw Road,,Montgomery,AL,36117
VNDR00241,Fuentes-Wells,644 Byam Road,,Bethel,VT,5032
VNDR00242,Hurley PLC,2195 Cantelou Road,,Montgomery,AL,36108
VNDR00243,"Alvarado, Garcia and Thomas",4253 San Juan Avenue,,Fremont,CA,94536
VNDR00244,Michael LLC,1641 Kramer Street Northeast,,Washington,DC,20002
VNDR00245,Roberts Ltd,78 School Street,,Woburn,MA,1801
VNDR00246,"Fields, Bolton and Sullivan",39 Tania Drive,,Manchester,CT,6040
VNDR00247,Brown Inc,11522 Country Spring Court,,Cupertino,CA,95014
VNDR00248,Beltran Ltd,534 Turpin Street,#APT 000001,Anchorage,AK,99504
VNDR00249,"Mora, Bass and Romero",8467 Chase Drive,,Arvada,CO,80003
VNDR00250,Palmer-Mccall,200 Boulder Road,,Manchester,CT,6040
VNDR00251,Sanchez LLC,154 Lyness Street,,Manchester,CT,6040
VNDR00252,Livingston-Martin,8277 Lamar Place,,Arvada,CO,80003
VNDR00253,"Palmer, Whitehead and Mcdonald",10340 West 62nd Place,,Arvada,CO,80004
VNDR00254,Wilson-Kelly,7513 Lois Street,,Panama City,FL,32404
VNDR00255,"Meadows, Wiggins and Lewis",50 Winthrop Avenue,,Lawrence,MA,1843
VNDR00256,Barrett and Sons,42223 Edgewood Street,,Fremont,CA,94538
VNDR00257,Park-Gallagher,894 Windmill Park Lane,,Mountain View,CA,94043
VNDR00258,Rodriguez-Thompson,5170 Hickory Hollow Parkway,#935,Nashville,TN,37013
VNDR00259,Jones and Sons,6398 Jellison Way,,Arvada,CO,80004
VNDR00260,"Freeman, Branch and Mueller",4812 Alton Place Northwest,,Washington,DC,20016
VNDR00261,"Blake, Jackson and Scott",5631 West Colter Street,#2129,Glendale,AZ,85301
VNDR00262,Lee PLC,1650 Garland Avenue,,Fayetteville,AR,72703
VNDR00263,Jones-Banks,1528 Spruce Street,M,Berkeley,CA,94709
VNDR00264,Hancock LLC,525 Middle Turnpike West,,Manchester,CT,6040
VNDR00265,Sawyer-Pineda,65 Lowry Road,,Falmouth,MA,2540
VNDR00266,Avila-Baker,14 Huntington Street,,Manchester,CT,6040
VNDR00267,Mercado Inc,6401 Green Meadow Lane,,Oklahoma City,OK,73132
VNDR00268,Williams-Robinson,6225 West Citrus Way,,Glendale,AZ,85301
VNDR00269,Davies LLC,404 Summit Oaks Drive,,Nashville,TN,37221
VNDR00270,"Herrera, Williams and Fields",13213 Spanish Moss Road,,Savannah,GA,31419
VNDR00271,"Arnold, Harvey and Reynolds",231 South Kimbrel Avenue,,Panama City,FL,32404
VNDR00272,"Alvarez, Heath and Mccarthy",8262 Elvaton Road,,Millersville,MD,21108
VNDR00273,Watkins Inc,6342 West Wheeler Road,,Fayetteville,AR,72704
VNDR00274,Black-Fuentes,12 Winter Street,,Manchester,CT,6040
VNDR00275,Hardin and Sons,122 40th Avenue North,,Nashville,TN,37209
VNDR00276,Davis-Ferguson,704 Crescent Road,,Nashville,TN,37205
VNDR00277,Baker and Sons,606 Lincoln Street,,Savannah,GA,31401
VNDR00278,"Garcia, Hall and Williams",3065 East Pebblestone Drive,,Fayetteville,AR,72701
VNDR00279,"Rodriguez, Anderson and Chambers",6022 West Alice Avenue,#3,Glendale,AZ,85302
VNDR00280,James-Fowler,73455 Twentynine Palms Highway,,Twentynine Palms,CA,92277
VNDR00281,"Kemp, Harris and Calhoun",2001 Van Hoose Drive,,Fayetteville,AR,72701
VNDR00282,"Holmes, Bishop and Nunez",349 North Sabine Pass Road,,Fayetteville,AR,72704
VNDR00283,"Sosa, Pugh and Hughes",2209 East Manor Drive,,Fayetteville,AR,72701
VNDR00284,Thornton and Sons,2185 Howe Pond Road,,Readsboro,VT,5350
VNDR00285,Tran-Williams,235 Brock Bridge Road,,Laurel,MD,20724
VNDR00286,"Smith, Clayton and Perez",2220 Kirk Avenue,,Nashville,TN,37218
VNDR00287,Thompson Inc,813 Holt Grove Court,,Nashville,TN,37211
VNDR00288,Miller-Walter,287 Lawndale Drive,,Nashville,TN,37211
VNDR00289,Ochoa-Morris,6116 West Charter Oak Road,,Glendale,AZ,85304
VNDR00290,Pierce Group,9545 West 74th Avenue,,Arvada,CO,80005
VNDR00291,Davis-Brown,2703 Woolsey Street,#R 1,Berkeley,CA,94705
VNDR00292,Wilson and Sons,21 Longview Bluff Drive East,,Savannah,GA,31419
VNDR00293,Brown Ltd,594 Putnam Avenue,#2,Cambridge,MA,2139
VNDR00294,"Richardson, Alvarado and Pruitt",5514 West Wedington Drive,#3,Fayetteville,AR,72704
VNDR00295,Cox-Ward,4112 Rockdale Street,,Savannah,GA,31405
VNDR00296,Robinson and Sons,831 21st Street Northeast,,Washington,DC,20002
VNDR00297,Wilkins Group,406 Ashwood Court,,Vacaville,CA,95688
VNDR00298,Warren-Wilson,2035 Ninth Street,R A,Berkeley,CA,94710
VNDR00299,Ware LLC,20 Hacker Street,#3,Worcester,MA,1603
VNDR00300,Quinn Ltd,4439 Gale Street,,Livermore,CA,94550
